Lab 6 Worksheet,by,[Replace with your name],,,,,
Test #,X,Y,Expected Output,Actual Output (Black Box),Actual Output (White Box),Requirement,Why?
1,,,,,,,
2,,,,,,,
3,,,,,,,
4,,,,,,,
5,,,,,,,
6,,,,,,,
7,,,,,,,
8,,,,,,,
9,,,,,,,
10,,,,,,,
,,,,,,,
,,,,,,,
,,,,,,,
1. What is blackbox testing?,,,,,,,
[Answer 1],,,,,,,
,,,,,,,
2. What is whitebox testing?,,,,,,,
[Answer 2],,,,,,,
,,,,,,,
3. Why are boundary values particularly important to consider when developing test cases?,,,,,,,
[Answer 3],,,,,,,
,,,,,,,
4. Why is it important to know which requirement is being tested by a particular test case?,,,,,,,
[Answer 4],,,,,,,
,,,,,,,
5. Provide feedback:,,,,,,,
(a) Which lab section did you attend? (Section # or day of week),,,,,,,
[Answer 5a],,,,,,,
(b) What did you like about the lab? What did you dislike?,,,,,,,
[Answer 5b],,,,,,,
(c) What would you change about this lab to improve it?,,,,,,,
[Answer 5c],,,,,,,